,route_long_name,g_trip_headsign,route_id,route_short_name,direction_id,variation_route_id,first_stop_id,last_stop_id,first_stop_name,last_stop_name,num_stops
BR1,Eyre Square - Salthill,Dr. Mannix Road,401,401,0,4023_65528,8460B5234401,8460B5221101,Ballybrit RC,Salthill Park,37
BR2,Eyre Square - Salthill,Dr. Mannix Road,401,401,0,4023_65528,8460B5234401,8460B522301,Ballybrit RC,Scoil Éinde Boys NS,37
BR3,Eyre Square - Salthill,Dr. Mannix Road,401,401,0,4023_65528,8460B5234401,8460B5221401,Ballybrit RC,Forster Park,37
BR4,Eyre Square - Salthill,Dr. Mannix Road,401,401,0,4023_65528,8460B5234401,8460B5221301,Ballybrit RC,Oaklands,37
BR5,Eyre Square - Salthill,Dr. Mannix Road,401,401,0,4023_65528,8460B5234401,8460B5220601,Ballybrit RC,Lios Ealtan,37
BR6,Eyre Square - Salthill,Dr. Mannix Road,401,401,0,4023_65528,8460B5234401,8460B5234801,Ballybrit RC,Ballybrit Heights,37
BR7,Eyre Square - Salthill,Dr. Mannix Road,401,401,0,4023_65528,8460B5234401,8460B5235201,Ballybrit RC,Sliabh Rua,37
BR8,Eyre Square - Salthill,Dr. Mannix Road,401,401,0,4023_65528,8460B5234401,8460B5243601,Ballybrit RC,Forster Street,37
BR9,Eyre Square - Salthill,Dr. Mannix Road,401,401,0,4023_65528,8460B5234401,8460B5236701,Ballybrit RC,Loyola Park,37
BR10,Eyre Square - Salthill,Dr. Mannix Road,401,401,0,4023_65528,8460B5234401,8460B5235801,Ballybrit RC,Monivea Park,37
BR11,Eyre Square - Salthill,Dr. Mannix Road,401,401,0,4023_65528,8460B5234401,8460B522331,Ballybrit RC,Eyre Square,24
BR12,Eyre Square - Salthill,Dr. Mannix Road,401,401,0,4023_65528,8460B5234501,8460B5221201,Briarhill Park,Dalysfort Road,37
BR13,Eyre Square - Salthill,Dr. Mannix Road,401,401,0,4023_65528,8460B5234501,8460B522301,Briarhill Park,Scoil Éinde Boys NS,37
BR14,Eyre Square - Salthill,Dr. Mannix Road,401,401,0,4023_65528,8460B5234501,8460B5221301,Briarhill Park,Oaklands,37
BR15,Eyre Square - Salthill,Dr. Mannix Road,401,401,0,4023_65528,8460B5234501,8460B5221101,Briarhill Park,Salthill Park,37
BR16,Eyre Square - Salthill,Dr. Mannix Road,401,401,0,4023_65528,8460B5234501,8460B5221401,Briarhill Park,Forster Park,37
BR17,Eyre Square - Salthill,Dr. Mannix Road,401,401,0,4023_65528,8460B5234501,8460B5236801,Briarhill Park,Connacht Rugby,37
BR18,Eyre Square - Salthill,Dr. Mannix Road,401,401,0,4023_65528,8460B5234601,8460B6355601,Clayton Hotel,Galway Tech Park,37
BR19,Eyre Square - Salthill,Dr. Mannix Road,401,401,0,4023_65528,8460B5234601,8460B5234801,Clayton Hotel,Ballybrit Heights,37
BR20,Eyre Square - Salthill,Dr. Mannix Road,401,401,0,4023_65528,8460B5234601,8460B5221401,Clayton Hotel,Forster Park,37
BR21,Eyre Square - Salthill,Dr. Mannix Road,401,401,0,4023_65528,8460B5234701,8460B5221301,The Paddocks,Oaklands,37
BR22,Eyre Square - Salthill,Dr. Mannix Road,401,401,0,4023_65528,8460B5234701,8460B5221101,The Paddocks,Salthill Park,37
BR23,Eyre Square - Salthill,Dr. Mannix Road,401,401,0,4023_65528,8460B5234701,8460B522301,The Paddocks,Scoil Éinde Boys NS,37
BR24,Eyre Square - Salthill,Dr. Mannix Road,401,401,0,4023_65528,8460B5234801,8460B522301,Ballybrit Heights,Scoil Éinde Boys NS,37
BR25,Eyre Square - Salthill,Dr. Mannix Road,401,401,0,4023_65528,8460B5234801,8460B5221401,Ballybrit Heights,Forster Park,37
BR26,Eyre Square - Salthill,Dr. Mannix Road,401,401,0,4023_65528,8460B5234801,8460B5234701,Ballybrit Heights,The Paddocks,37
BR27,Eyre Square - Salthill,Dr. Mannix Road,401,401,0,4023_65528,8460B6355601,8460B522301,Galway Tech Park,Scoil Éinde Boys NS,37
BR28,Eyre Square - Salthill,Dr. Mannix Road,401,401,0,4023_65528,8460B6355601,8460B5235101,Galway Tech Park,Gortcam,37
BR29,Eyre Square - Salthill,Dr. Mannix Road,401,401,0,4023_65528,8460B6355601,8460B5236401,Galway Tech Park,Clarke Avenue,37
BR30,Eyre Square - Salthill,Dr. Mannix Road,401,401,0,4023_65528,8460B6355601,8460B5220901,Galway Tech Park,Salthill Road Lwr,37
BR31,Eyre Square - Salthill,Dr. Mannix Road,401,401,0,4023_65528,8460B6355601,8460B5221401,Galway Tech Park,Forster Park,37
BR32,Eyre Square - Salthill,Dr. Mannix Road,401,401,0,4023_65528,8460B6355601,8460B5234701,Galway Tech Park,The Paddocks,37
BR33,Eyre Square - Salthill,Dr. Mannix Road,401,401,0,4023_65528,8460B6355601,8460B5236701,Galway Tech Park,Loyola Park,37
BR34,Eyre Square - Salthill,Dr. Mannix Road,401,401,0,4023_65528,8460B6355601,8460B5221001,Galway Tech Park,Salthill Church,37
BR35,Eyre Square - Salthill,Dr. Mannix Road,401,401,0,4023_65528,8460B6355601,8460B5234401,Galway Tech Park,Ballybrit RC,37
BR36,Eyre Square - Salthill,Dr. Mannix Road,401,401,0,4023_65528,8460B6355601,8460B5220601,Galway Tech Park,Lios Ealtan,37
BR37,Eyre Square - Salthill,Dr. Mannix Road,401,401,0,4023_65528,8460B6355601,8460B5220801,Galway Tech Park,Devon Park,37
BR38,Eyre Square - Salthill,Dr. Mannix Road,401,401,0,4023_65528,8460B6355601,8460B5221301,Galway Tech Park,Oaklands,37
BR39,Eyre Square - Salthill,Dr. Mannix Road,401,401,0,4023_65528,8460B6355601,8460B5220301,Galway Tech Park,Fr Griffin Avenue,37
BR40,Eyre Square - Salthill,Dr. Mannix Road,401,401,0,4023_65528,8460B6355601,8460B5236801,Galway Tech Park,Connacht Rugby,37
BR41,Eyre Square - Salthill,Dr. Mannix Road,401,401,0,4023_65528,8460B6355601,8460B5221101,Galway Tech Park,Salthill Park,37
BR42,Eyre Square - Salthill,Dr. Mannix Road,401,401,0,4023_65528,8460B6355601,8460B5220701,Galway Tech Park,Salthill Road Lower,37
BR43,Eyre Square - Salthill,Dr. Mannix Road,401,401,0,4023_65528,8460B6355601,8460B5221201,Galway Tech Park,Dalysfort Road,37
BR44,Eyre Square - Salthill,Dr. Mannix Road,401,401,0,4023_65528,8460B6355601,8460B5235401,Galway Tech Park,Rahylin Glebe,37
BR45,Eyre Square - Salthill,Dr. Mannix Road,401,401,0,4023_65528,8460B6355601,8460B5235201,Galway Tech Park,Sliabh Rua,37
BR46,Eyre Square - Salthill,Dr. Mannix Road,401,401,0,4023_65528,8460B6355601,8460B5236901,Galway Tech Park,Yeats College,37
BR47,Eyre Square - Salthill,Dr. Mannix Road,401,401,0,4023_65528,8460B6355601,8460B5243601,Galway Tech Park,Forster Street,37
BR48,Eyre Square - Salthill,Dr. Mannix Road,401,401,0,4023_65528,8460B6355601,8460B5235601,Galway Tech Park,Ballybane Centre,37
BR49,Eyre Square - Salthill,Dr. Mannix Road,401,401,0,4023_65528,8460B6355601,8460B5236601,Galway Tech Park,Wellpark Retail,37
BR50,Eyre Square - Salthill,Dr. Mannix Road,401,401,0,4023_65528,8460B6355601,8460B522331,Galway Tech Park,Eyre Square,37
BR51,Eyre Square - Salthill,Dr. Mannix Road,401,401,0,4023_65528,8460B6355601,8460B5236301,Galway Tech Park,Parnell Avenue,37
BR52,Eyre Square - Salthill,Dr. Mannix Road,401,401,0,4023_65528,8460B6355601,8460B5236501,Galway Tech Park,ATU Galway Cluain Mhuire,37
BR53,Eyre Square - Salthill,Dr. Mannix Road,401,401,0,4023_65528,8460B6355601,8460B5234901,Galway Tech Park,Ballybrit Industrial Estate,37
BR54,Eyre Square - Salthill,Dr. Mannix Road,401,401,0,4023_65528,8460B6355601,8460B5234801,Galway Tech Park,Ballybrit Heights,24
BR55,Eyre Square - Salthill,Parkmore Ind.,401,401,1,4023_65528,8460B522171,8460B5203201,Bóthar na Trá GAA,Monivea Road,38
BR56,Eyre Square - Salthill,Parkmore Ind.,401,401,1,4023_65528,8460B522171,8460B555431,Bóthar na Trá GAA,Parkmore Road,38
BR57,Eyre Square - Salthill,Parkmore Ind.,401,401,1,4023_65528,8460B522171,8460B5234301,Bóthar na Trá GAA,Ballybrit Crescent,38
BR58,Eyre Square - Salthill,Parkmore Ind.,401,401,1,4023_65528,8460B522171,8460B5233501,Bóthar na Trá GAA,Gortcam,38
BR59,Eyre Square - Salthill,Parkmore Ind.,401,401,1,4023_65528,8460B522171,8460B522301,Bóthar na Trá GAA,Scoil Éinde Boys NS,38
BR60,Eyre Square - Salthill,Parkmore Ind.,401,401,1,4023_65528,8460B522171,8460B5233601,Bóthar na Trá GAA,Glenavon Drive,38
BR61,Eyre Square - Salthill,Parkmore Ind.,401,401,1,4023_65528,8460B522171,8460B5233201,Bóthar na Trá GAA,Walter Macken Road,38
BR62,Eyre Square - Salthill,Parkmore Ind.,401,401,1,4023_65528,8460B522171,8460B5233901,Bóthar na Trá GAA,Ballybrit Heights,38
BR63,Eyre Square - Salthill,Parkmore Ind.,401,401,1,4023_65528,8460B522171,8460B5233401,Bóthar na Trá GAA,Béal Srutha,38
BR64,Eyre Square - Salthill,Parkmore Ind.,401,401,1,4023_65528,8460B522171,8460B5234201,Bóthar na Trá GAA,Ballybrit Crescent,38
BR65,Eyre Square - Salthill,Parkmore Ind.,401,401,1,4023_65528,8460B522171,8460B5222801,Bóthar na Trá GAA,Fr Griffin Avenue,16
BR66,Eyre Square - Salthill,Parkmore Ind.,401,401,1,4023_65528,8460B522171,8460B5222001,Bóthar na Trá GAA,Ladies Beach,16
BR67,Eyre Square - Salthill,Parkmore Ind.,401,401,1,4023_65528,8460B5221801,8460B555431,Galway Tennis Club,Parkmore Road,38
BR68,Eyre Square - Salthill,Parkmore Ind.,401,401,1,4023_65528,8460B5221801,8460B5203201,Galway Tennis Club,Monivea Road,38
BR69,Eyre Square - Salthill,Parkmore Ind.,401,401,1,4023_65528,8460B5221801,8460B5233501,Galway Tennis Club,Gortcam,38
BR70,Eyre Square - Salthill,Parkmore Ind.,401,401,1,4023_65528,8460B5221801,8460B5234201,Galway Tennis Club,Ballybrit Crescent,38
BR71,Eyre Square - Salthill,Parkmore Ind.,401,401,1,4023_65528,8460B5221801,8460B5234301,Galway Tennis Club,Ballybrit Crescent,38
BR72,Eyre Square - Salthill,Parkmore Ind.,401,401,1,4023_65528,8460B5221801,8460B5222901,Galway Tennis Club,Fr Griffin Road,16
BR73,Eyre Square - Salthill,Parkmore Ind.,401,401,1,4023_65528,8460B5221901,8460B555431,Diving Board,Parkmore Road,38
BR74,Eyre Square - Salthill,Parkmore Ind.,401,401,1,4023_65528,8460B5221901,8460B5245001,Diving Board,Merchants Road,38
BR75,Eyre Square - Salthill,Parkmore Ind.,401,401,1,4023_65528,8460B5221901,8460B5203201,Diving Board,Monivea Road,38
BR76,Eyre Square - Salthill,Parkmore Ind.,401,401,1,4023_65528,8460B5221901,8460B5222501,Diving Board,Devon Park,38
BR77,Eyre Square - Salthill,Parkmore Ind.,401,401,1,4023_65528,8460B5221901,8460B5234301,Diving Board,Ballybrit Crescent,38
BR78,Eyre Square - Salthill,Parkmore Ind.,401,401,1,4023_65528,8460B5222001,8460B555431,Ladies Beach,Parkmore Road,38
BR79,Eyre Square - Salthill,Parkmore Ind.,401,401,1,4023_65528,8460B5222001,8460B5234301,Ladies Beach,Ballybrit Crescent,38
BR80,Eyre Square - Salthill,Parkmore Ind.,401,401,1,4023_65528,8460B5222001,8460B5233601,Ladies Beach,Glenavon Drive,38
BR81,Eyre Square - Salthill,Parkmore Ind.,401,401,1,4023_65528,8460B5222101,8460B555431,Salthill Park,Parkmore Road,38
BR82,Eyre Square - Salthill,Parkmore Ind.,401,401,1,4023_65528,8460B522301,8460B5232801,Scoil Éinde Boys NS,Monivea Road,38
BR83,Eyre Square - Salthill,Parkmore Ind.,401,401,1,4023_65528,8460B522301,8460B555431,Scoil Éinde Boys NS,Parkmore Road,38
BR84,Eyre Square - Salthill,Parkmore Ind.,401,401,1,4023_65528,8460B522301,8460B5234301,Scoil Éinde Boys NS,Ballybrit Crescent,38
BR85,Eyre Square - Salthill,Parkmore Ind.,401,401,1,4023_65528,8460B522301,8460B5233801,Scoil Éinde Boys NS,Ballybrit Industrial Estate,38
BR86,Eyre Square - Salthill,Parkmore Ind.,401,401,1,4023_65528,8460B522301,8460B5234201,Scoil Éinde Boys NS,Ballybrit Crescent,38
BR87,Eyre Square - Salthill,Parkmore Ind.,401,401,1,4023_65528,8460B522301,8460B5233201,Scoil Éinde Boys NS,Walter Macken Road,38
BR88,Eyre Square - Salthill,Parkmore Ind.,401,401,1,4023_65528,8460B522301,8460B5203201,Scoil Éinde Boys NS,Monivea Road,38
BR89,Eyre Square - Salthill,Parkmore Ind.,401,401,1,4023_65528,8460B522301,8460B5304201,Scoil Éinde Boys NS,An Luasán,38
BR90,Eyre Square - Salthill,Parkmore Ind.,401,401,1,4023_65528,8460B522301,8460B5332901,Scoil Éinde Boys NS,McDermott Avenue,38
BR91,Eyre Square - Salthill,Parkmore Ind.,401,401,1,4023_65528,8460B522301,8460B5222601,Scoil Éinde Boys NS,St Mary's Avenue,38
BR92,Eyre Square - Salthill,Parkmore Ind.,401,401,1,4023_65528,8460B522301,8460B5233501,Scoil Éinde Boys NS,Gortcam,38
BR93,Eyre Square - Salthill,Parkmore Ind.,401,401,1,4023_65528,8460B522301,8460B5233401,Scoil Éinde Boys NS,Béal Srutha,38
BR94,Eyre Square - Salthill,Parkmore Ind.,401,401,1,4023_65528,8460B522301,8460B5233901,Scoil Éinde Boys NS,Ballybrit Heights,38
BR95,Eyre Square - Salthill,Parkmore Ind.,401,401,1,4023_65528,8460B522301,8460B5232501,Scoil Éinde Boys NS,Loyola Park,38
BR96,Eyre Square - Salthill,Parkmore Ind.,401,401,1,4023_65528,8460B522301,8460B5332601,Scoil Éinde Boys NS,Galway Comm College,38
BR97,Eyre Square - Salthill,Parkmore Ind.,401,401,1,4023_65528,8460B522301,8460B5232401,Scoil Éinde Boys NS,Connacht Rugby,38
BR98,Eyre Square - Salthill,Parkmore Ind.,401,401,1,4023_65528,8460B522301,8460B5232701,Scoil Éinde Boys NS,Well Park Estate,38
BR99,Eyre Square - Salthill,Parkmore Ind.,401,401,1,4023_65528,8460B522301,8460B5233101,Scoil Éinde Boys NS,Ballybane Centre,38
BR100,Eyre Square - Salthill,Parkmore Ind.,401,401,1,4023_65528,8460B522301,8460B5233001,Scoil Éinde Boys NS,Monivea Park,38
BR101,Eyre Square - Salthill,Parkmore Ind.,401,401,1,4023_65528,8460B522301,8460B5233301,Scoil Éinde Boys NS,Castlepark Road,38
BR102,Eyre Square - Salthill,Parkmore Ind.,401,401,1,4023_65528,8460B522301,8460B5233601,Scoil Éinde Boys NS,Glenavon Drive,38
BR103,Eyre Square - Salthill,Parkmore Ind.,401,401,1,4023_65528,8460B522301,8460B5232101,Scoil Éinde Boys NS,Forster Court,38
BR104,Eyre Square - Salthill,Parkmore Ind.,401,401,1,4023_65528,8460B522301,8460B5222501,Scoil Éinde Boys NS,Devon Park,16
BR105,Eyre Square - Salthill,Parkmore Ind.,401,401,1,4023_65528,8460B522301,8460B523201,Scoil Éinde Boys NS,Eyre Square East,16
BR106,Eyre Square - Salthill,Parkmore Ind.,401,401,1,4023_65528,8460B522301,8460B5222701,Scoil Éinde Boys NS,Lios Ealtan,16
BR107,Eyre Square - Salthill,Parkmore Ind.,401,401,1,4023_65528,8460B522301,8460B5222001,Scoil Éinde Boys NS,Ladies Beach,16
BR108,Eyre Square - Salthill,Parkmore Ind.,401,401,1,4023_65528,8460B522301,8460B5245001,Scoil Éinde Boys NS,Merchants Road,16
BR109,Eyre Square - Salthill,Parkmore Ind.,401,401,1,4023_65528,8460B522301,8460B5222901,Scoil Éinde Boys NS,Fr Griffin Road,16
BR110,Seacrest - Eyre Square - Merlin Park,Merlin Park,402,402,0,4023_65529,8460B5223401,8460B5228201,Seacrest,Merlin Park Hospital,42
BR111,Seacrest - Eyre Square - Merlin Park,Merlin Park,402,402,0,4023_65529,8460B5223401,8460B5227901,Seacrest,Dawn Dairies,42
BR112,Seacrest - Eyre Square - Merlin Park,Merlin Park,402,402,0,4023_65529,8460B5223401,8460B5227201,Seacrest,Renmore Park,42
BR113,Seacrest - Eyre Square - Merlin Park,Merlin Park,402,402,0,4023_65529,8460B5223401,8460B5228001,Seacrest,Merlin Hospital Gate,42
BR114,Seacrest - Eyre Square - Merlin Park,Merlin Park,402,402,0,4023_65529,8460B5223401,8460B5228101,Seacrest,ATU Galway City,42
BR115,Seacrest - Eyre Square - Merlin Park,Merlin Park,402,402,0,4023_65529,8460B5223401,8460B5226901,Seacrest,The G Hotel,42
BR116,Seacrest - Eyre Square - Merlin Park,Merlin Park,402,402,0,4023_65529,8460B5223401,8460B5227801,Seacrest,Ballyloughane Road,42
BR117,Seacrest - Eyre Square - Merlin Park,Merlin Park,402,402,0,4023_65529,8460B5223401,8460B5227701,Seacrest,Fushia Drive,42
BR118,Seacrest - Eyre Square - Merlin Park,Merlin Park,402,402,0,4023_65529,8460B5223401,8460B5226201,Seacrest,Prospect Hill,42
BR119,Seacrest - Eyre Square - Merlin Park,Merlin Park,402,402,0,4023_65529,8460B5223401,8460B5226501,Seacrest,St Anthony's Tce,42
BR120,Seacrest - Eyre Square - Merlin Park,Merlin Park,402,402,0,4023_65529,8460B5223401,8460B5227501,Seacrest,Hawthorn Drive,42
BR121,Seacrest - Eyre Square - Merlin Park,Merlin Park,402,402,0,4023_65529,8460B5223401,8460B5227301,Seacrest,Dun Na Mara,42
BR122,Seacrest - Eyre Square - Merlin Park,Merlin Park,402,402,0,4023_65529,8460B5223401,8460B5226801,Seacrest,Bohermore,42
BR123,Seacrest - Eyre Square - Merlin Park,Merlin Park,402,402,0,4023_65529,8460B5223401,8460B5227401,Seacrest,Galway Army Barracks,42
BR124,Seacrest - Eyre Square - Merlin Park,Merlin Park,402,402,0,4023_65529,8460B5223501,8460B5228201,Forest Hills,Merlin Park Hospital,42
BR125,Seacrest - Eyre Square - Merlin Park,Merlin Park,402,402,0,4023_65529,8460B5223501,8460B5227901,Forest Hills,Dawn Dairies,42
BR126,Seacrest - Eyre Square - Merlin Park,Merlin Park,402,402,0,4023_65529,8460B5223501,8460B5228001,Forest Hills,Merlin Hospital Gate,42
BR127,Seacrest - Eyre Square - Merlin Park,Merlin Park,402,402,0,4023_65529,8460B5223501,8460B5231801,Forest Hills,Galway Cathedral,42
BR128,Seacrest - Eyre Square - Merlin Park,Merlin Park,402,402,0,4023_65529,8460B5223501,8460B5228101,Forest Hills,ATU Galway City,42
BR129,Seacrest - Eyre Square - Merlin Park,Merlin Park,402,402,0,4023_65529,8460B5223501,8460B5227601,Forest Hills,Rowan Avenue,42
BR130,Seacrest - Eyre Square - Merlin Park,Merlin Park,402,402,0,4023_65529,8460B5223601,8460B5228001,Westbrook,Merlin Hospital Gate,42
BR131,Seacrest - Eyre Square - Merlin Park,Merlin Park,402,402,0,4023_65529,8460B5223601,8460B5228201,Westbrook,Merlin Park Hospital,42
BR132,Seacrest - Eyre Square - Merlin Park,Merlin Park,402,402,0,4023_65529,8460B5223601,8460B5227501,Westbrook,Hawthorn Drive,42
BR133,Seacrest - Eyre Square - Merlin Park,Merlin Park,402,402,0,4023_65529,8460B5223601,8460B5227901,Westbrook,Dawn Dairies,42
BR134,Seacrest - Eyre Square - Merlin Park,Merlin Park,402,402,0,4023_65529,8460B5223701,8460B5228201,Barna Road,Merlin Park Hospital,42
BR135,Seacrest - Eyre Square - Merlin Park,Merlin Park,402,402,0,4023_65529,8460B5223701,8460B5228101,Barna Road,ATU Galway City,42
BR136,Seacrest - Eyre Square - Merlin Park,Merlin Park,402,402,0,4023_65529,8460B5223701,8460B5227901,Barna Road,Dawn Dairies,42
BR137,Seacrest - Eyre Square - Merlin Park,Merlin Park,402,402,0,4023_65529,8460B5223801,8460B5228101,Knocknacarra,ATU Galway City,42
BR138,Seacrest - Eyre Square - Merlin Park,Merlin Park,402,402,0,4023_65529,8460B5223801,8460B5228201,Knocknacarra,Merlin Park Hospital,42
BR139,Seacrest - Eyre Square - Merlin Park,Merlin Park,402,402,0,4023_65529,8460B5223801,8460B5227601,Knocknacarra,Rowan Avenue,42
BR140,Seacrest - Eyre Square - Merlin Park,Merlin Park,402,402,0,4023_65529,8460B5223901,8460B5228001,Knocknacarra Road,Merlin Hospital Gate,42
BR141,Seacrest - Eyre Square - Merlin Park,Merlin Park,402,402,0,4023_65529,8460B5223901,8460B5227901,Knocknacarra Road,Dawn Dairies,42
BR142,Seacrest - Eyre Square - Merlin Park,Seacrest,402,402,1,4023_65529,8460B5228201,8460B5223401,Merlin Park Hospital,Seacrest,38
BR143,Seacrest - Eyre Square - Merlin Park,Seacrest,402,402,1,4023_65529,8460B5228201,8460B5231501,Merlin Park Hospital,Kingston Gardens,38
BR144,Seacrest - Eyre Square - Merlin Park,Seacrest,402,402,1,4023_65529,8460B5228201,8460B5231401,Merlin Park Hospital,Manor Drive,38
BR145,Seacrest - Eyre Square - Merlin Park,Seacrest,402,402,1,4023_65529,8460B5228201,8460B5231601,Merlin Park Hospital,Shangort Road,38
BR146,Seacrest - Eyre Square - Merlin Park,Seacrest,402,402,1,4023_65529,8460B5228201,8460B5230301,Merlin Park Hospital,Uni of Galway,38
BR147,Seacrest - Eyre Square - Merlin Park,Seacrest,402,402,1,4023_65529,8460B5228201,8460B5230701,Merlin Park Hospital,Colmcille Road,38
BR148,Seacrest - Eyre Square - Merlin Park,Seacrest,402,402,1,4023_65529,8460B5228201,8460B5231201,Merlin Park Hospital,Ardmore,38
BR149,Seacrest - Eyre Square - Merlin Park,Seacrest,402,402,1,4023_65529,8460B5228201,8460B5231101,Merlin Park Hospital,Dominican Convent,38
BR150,Seacrest - Eyre Square - Merlin Park,Seacrest,402,402,1,4023_65529,8460B5228201,8460B5230601,Merlin Park Hospital,McDara Road,38
BR151,Seacrest - Eyre Square - Merlin Park,Seacrest,402,402,1,4023_65529,8460B5228201,8460B5231301,Merlin Park Hospital,Kingston Road,38
BR152,Seacrest - Eyre Square - Merlin Park,Seacrest,402,402,1,4023_65529,8460B5228201,8460B5224901,Merlin Park Hospital,Maunsells Road,38
BR153,Seacrest - Eyre Square - Merlin Park,Seacrest,402,402,1,4023_65529,8460B5228201,8460B5230801,Merlin Park Hospital,O'Connaire Road,38
BR154,Seacrest - Eyre Square - Merlin Park,Seacrest,402,402,1,4023_65529,8460B5228201,8460B5228301,Merlin Park Hospital,Woodhaven,38
BR155,Seacrest - Eyre Square - Merlin Park,Seacrest,402,402,1,4023_65529,8460B5228201,8460B5230901,Merlin Park Hospital,Maunsells Road,38
BR156,Seacrest - Eyre Square - Merlin Park,Seacrest,402,402,1,4023_65529,8460B5228201,8460B5230501,Merlin Park Hospital,Costello Road,38
BR157,Seacrest - Eyre Square - Merlin Park,Seacrest,402,402,1,4023_65529,8460B5228201,8460B5231001,Merlin Park Hospital,St Anne's,38
BR158,Seacrest - Eyre Square - Merlin Park,Seacrest,402,402,1,4023_65529,8460B5228301,8460B5231301,Woodhaven,Kingston Road,38
BR159,Seacrest - Eyre Square - Merlin Park,Seacrest,402,402,1,4023_65529,8460B5228301,8460B5223401,Woodhaven,Seacrest,38
BR160,Seacrest - Eyre Square - Merlin Park,Seacrest,402,402,1,4023_65529,8460B5228301,8460B5231501,Woodhaven,Kingston Gardens,38
BR161,Seacrest - Eyre Square - Merlin Park,Seacrest,402,402,1,4023_65529,8460B5228301,8460B5231601,Woodhaven,Shangort Road,38
BR162,Seacrest - Eyre Square - Merlin Park,Seacrest,402,402,1,4023_65529,8460B5228301,8460B5231001,Woodhaven,St Anne's,38
BR163,Seacrest - Eyre Square - Merlin Park,Seacrest,402,402,1,4023_65529,8460B5228301,8460B5230801,Woodhaven,O'Connaire Road,38
BR164,Seacrest - Eyre Square - Merlin Park,Seacrest,402,402,1,4023_65529,8460B5228301,8460B5224901,Woodhaven,Maunsells Road,38
BR165,Seacrest - Eyre Square - Merlin Park,Seacrest,402,402,1,4023_65529,8460B5228301,8460B5231201,Woodhaven,Ardmore,38
BR166,Seacrest - Eyre Square - Merlin Park,Seacrest,402,402,1,4023_65529,8460B5228301,8460B5231401,Woodhaven,Manor Drive,38
BR167,Seacrest - Eyre Square - Merlin Park,Seacrest,402,402,1,4023_65529,8460B5228301,8460B5229001,Woodhaven,Arbutus Avenue,38
BR168,Seacrest - Eyre Square - Merlin Park,Seacrest,402,402,1,4023_65529,8460B5228301,8460B5231101,Woodhaven,Dominican Convent,38
BR169,Seacrest - Eyre Square - Merlin Park,Seacrest,402,402,1,4023_65529,8460B5228301,8460B5230501,Woodhaven,Costello Road,38
BR170,Seacrest - Eyre Square - Merlin Park,Seacrest,402,402,1,4023_65529,8460B5228401,8460B5231001,ATU Galway City,St Anne's,38
BR171,Seacrest - Eyre Square - Merlin Park,Seacrest,402,402,1,4023_65529,8460B5228401,8460B5223401,ATU Galway City,Seacrest,38
BR172,Seacrest - Eyre Square - Merlin Park,Seacrest,402,402,1,4023_65529,8460B5228401,8460B5231501,ATU Galway City,Kingston Gardens,38
BR173,Seacrest - Eyre Square - Merlin Park,Seacrest,402,402,1,4023_65529,8460B5228501,8460B5230401,Dawn Dairies,UCH Galway,38
BR174,Seacrest - Eyre Square - Merlin Park,Seacrest,402,402,1,4023_65529,8460B5228501,8460B5231201,Dawn Dairies,Ardmore,38
BR175,Seacrest - Eyre Square - Merlin Park,Seacrest,402,402,1,4023_65529,8460B5228501,8460B5223401,Dawn Dairies,Seacrest,38
BR176,Seacrest - Eyre Square - Merlin Park,Seacrest,402,402,1,4023_65529,8460B5228601,8460B5231501,Murrough Park,Kingston Gardens,38
BR177,Seacrest - Eyre Square - Merlin Park,Seacrest,402,402,1,4023_65529,8460B5228701,8460B5223401,Fuschia Drive,Seacrest,38
BR178,Eyre Square - Newcastle,Newcastle,404,404,0,4023_65530,8460B5225701,84605257301,Galway Cathedral,Seamus Quirke Road,20
BR179,Eyre Square - Newcastle,Newcastle,404,404,0,4023_65530,8460B5228301,8460B5255001,Woodhaven,Innishannagh,34
BR180,Eyre Square - Newcastle,Newcastle,404,404,0,4023_65530,8460B5230201,8460B5255001,Francis Street,Innishannagh,20
BR181,Eyre Square - Newcastle,Newcastle,404,404,0,4023_65530,8460B5243201,8460B5255401,Castlegar GAA Club,Westside Centre,34
BR182,Eyre Square - Newcastle,Newcastle,404,404,0,4023_65530,8460B5243301,8460B5255001,Lios An Uisce,Innishannagh,34
BR183,Eyre Square - Newcastle,Newcastle,404,404,0,4023_65530,8460B5243301,8460B5236801,Lios An Uisce,Connacht Rugby,34
BR184,Eyre Square - Newcastle,Newcastle,404,404,0,4023_65530,8460B5243701,8460B5255401,Eyre Square,Westside Centre,20
BR185,Eyre Square - Newcastle,Newcastle,404,404,0,4023_65530,8460B5243701,8460B5255001,Eyre Square,Innishannagh,20
BR186,Eyre Square - Newcastle,Newcastle,404,404,0,4023_65530,8460B5243701,84605257301,Eyre Square,Seamus Quirke Road,20
BR187,Eyre Square - Newcastle,Newcastle,404,404,0,4023_65530,8460B5243701,8460B5255201,Eyre Square,Corrach Buí,20
BR188,Eyre Square - Newcastle,Newcastle,404,404,0,4023_65530,8460B5256501,84605257301,Newcastle PO,Seamus Quirke Road,20
BR189,Eyre Square - Newcastle,Newcastle,404,404,0,4023_65530,8460B8884201,8460B5255401,Galway Clinic,Westside Centre,34
BR190,Eyre Square - Newcastle,Newcastle,404,404,0,4023_65530,8460B8884201,84605257301,Galway Clinic,Seamus Quirke Road,34
BR191,Eyre Square - Newcastle,Newcastle,404,404,0,4023_65530,8460B8884201,8460B5236801,Galway Clinic,Connacht Rugby,34
BR192,Eyre Square - Newcastle,Newcastle,404,404,0,4023_65530,8460B8884201,8460B5255201,Galway Clinic,Corrach Buí,34
BR193,Eyre Square - Newcastle,Newcastle,404,404,0,4023_65530,8470B5260101,8460B5255401,Cloonarkin Drive,Westside Centre,34
BR194,Eyre Square - Newcastle,Newcastle,404,404,0,4023_65530,8470B5260101,84605257301,Cloonarkin Drive,Seamus Quirke Road,34
BR195,Eyre Square - Newcastle,Newcastle,404,404,0,4023_65530,8470B5260101,8460B5245401,Cloonarkin Drive,Corrib Park,34
BR196,Eyre Square - Newcastle,Newcastle,404,404,0,4023_65530,8470B5260101,8460B5255201,Cloonarkin Drive,Corrach Buí,34
BR197,Eyre Square - Newcastle,Newcastle,404,404,0,4023_65530,8470B5260101,8460B5244801,Cloonarkin Drive,Corrib Park,34
BR198,Eyre Square - Newcastle,Newcastle,404,404,0,4023_65530,8470B5260101,8460B5244601,Cloonarkin Drive,St Joseph's NS,34
BR199,Eyre Square - Newcastle,Newcastle,404,404,0,4023_65530,8470B556161,8460B5255401,Oranmore Centre,Westside Centre,34
BR200,Eyre Square - Newcastle,Newcastle,404,404,0,4023_65530,8470B556161,84605257301,Oranmore Centre,Seamus Quirke Road,34
BR201,Eyre Square - Newcastle,Newcastle,404,404,0,4023_65530,8470B556161,8460B5255001,Oranmore Centre,Innishannagh,34
BR202,Eyre Square - Newcastle,Newcastle,404,404,0,4023_65530,8470B556161,8460B5245401,Oranmore Centre,Corrib Park,34
BR203,Eyre Square - Newcastle,Newcastle,404,404,0,4023_65530,8470B556161,8460B5255201,Oranmore Centre,Corrach Buí,34
BR204,Eyre Square - Newcastle,Newcastle,404,404,0,4023_65530,8470B556161,8460B5244401,Oranmore Centre,Thomas Hynes Road,34
BR205,Eyre Square - Newcastle,Newcastle,404,404,0,4023_65530,8470B556161,8460B5256601,Oranmore Centre,St Francis Home,34
BR206,Eyre Square - Newcastle,Newcastle,404,404,0,4023_65530,8470B556161,8460B5244301,Oranmore Centre,Greenfields Estate,34
BR207,Eyre Square - Newcastle,Newcastle,404,404,0,4023_65530,8470B556161,8460B5245301,Oranmore Centre,Ardilaun Road,34
BR208,Eyre Square - Newcastle,Newcastle,404,404,0,4023_65530,8470B556161,8460B5236801,Oranmore Centre,Connacht Rugby,34
BR209,Eyre Square - Newcastle,Newcastle,404,404,0,4023_65530,8470B556161,8460B5244801,Oranmore Centre,Corrib Park,34
BR210,Eyre Square - Newcastle,Newcastle,404,404,0,4023_65530,8470B556161,8460B5244901,Oranmore Centre,John Coogan Park,34
BR211,Eyre Square - Newcastle,Newcastle,404,404,0,4023_65530,8470B556161,8460B5244501,Oranmore Centre,Fairlands Park,34
BR212,Eyre Square - Newcastle,Newcastle,404,404,0,4023_65530,8470B556161,8460B5244601,Oranmore Centre,St Joseph's NS,34
BR213,Eyre Square - Newcastle,Newcastle,404,404,0,4023_65530,8470B556161,8460B5225701,Oranmore Centre,Galway Cathedral,34
BR214,Eyre Square - Newcastle,Newcastle,404,404,0,4023_65530,8470B556161,8460B5229601,Oranmore Centre,Brothers of Charity,34
BR215,Eyre Square - Newcastle,Newcastle,404,404,0,4023_65530,8470B556161,8460B5256501,Oranmore Centre,Newcastle PO,34
BR216,Eyre Square - Newcastle,Newcastle,404,404,0,4023_65530,8470B556161,8460B5243701,Oranmore Centre,Eyre Square,15
BR217,Eyre Square - Newcastle,Newcastle,404,404,0,4023_65530,8470B556161,8460B5236901,Oranmore Centre,Yeats College,15
BR218,Eyre Square - Newcastle,Oranmore,404,404,1,4023_65530,8460B5226101,8460B8884201,Eyre Square,Galway Clinic,14
BR219,Eyre Square - Newcastle,Oranmore,404,404,1,4023_65530,8460B5226101,8470B556161,Eyre Square,Oranmore Centre,14
BR220,Eyre Square - Newcastle,Oranmore,404,404,1,4023_65530,8460B5232101,8470B556161,Forster Court,Oranmore Centre,14
BR221,Eyre Square - Newcastle,Oranmore,404,404,1,4023_65530,8460B5255401,8460B8884201,Westside Centre,Galway Clinic,27
BR222,Eyre Square - Newcastle,Oranmore,404,404,1,4023_65530,8460B5255401,8460B5228101,Westside Centre,ATU Galway City,27
BR223,Eyre Square - Newcastle,Oranmore,404,404,1,4023_65530,8460B5255401,8470B556161,Westside Centre,Oranmore Centre,27
BR224,Eyre Square - Newcastle,Oranmore,404,404,1,4023_65530,8460B5255401,8460B5226901,Westside Centre,The G Hotel,27
BR225,Eyre Square - Newcastle,Oranmore,404,404,1,4023_65530,8460B5255401,8460B5241301,Westside Centre,Glenina Heights,27
BR226,Eyre Square - Newcastle,Oranmore,404,404,1,4023_65530,8460B5255401,8460B5241501,Westside Centre,Galway Crystal,27
BR227,Eyre Square - Newcastle,Oranmore,404,404,1,4023_65530,8460B5255401,8460B5232501,Westside Centre,Loyola Park,27
BR228,Eyre Square - Newcastle,Oranmore,404,404,1,4023_65530,8460B5255401,8460B5241801,Westside Centre,Castlegar GAA Club,27
BR229,Eyre Square - Newcastle,Oranmore,404,404,1,4023_65530,8460B5255401,8460B5232101,Westside Centre,Forster Court,27
BR230,Eyre Square - Newcastle,Oranmore,404,404,1,4023_65530,8460B5255401,8460B5225601,Westside Centre,Uni of Galway,27
BR231,Eyre Square - Newcastle,Oranmore,404,404,1,4023_65530,8460B5255401,8460B5256701,Westside Centre,St Francis Home,27
BR232,Eyre Square - Newcastle,Oranmore,404,404,1,4023_65530,8460B5255401,8460B5241401,Westside Centre,Galwegians RFC,27
BR233,Eyre Square - Newcastle,Oranmore,404,404,1,4023_65530,8460B5255401,8460B5232401,Westside Centre,Connacht Rugby,27
BR234,Eyre Square - Newcastle,Oranmore,404,404,1,4023_65530,8460B5255401,8460B5256301,Westside Centre,Lower Newcastle Rd,27
BR235,Eyre Square - Newcastle,Oranmore,404,404,1,4023_65530,8460B5255401,8460B5227001,Westside Centre,Renmore Park,27
BR236,Eyre Square - Newcastle,Oranmore,404,404,1,4023_65530,8460B5255401,8460B5226101,Westside Centre,Eyre Square,14
BR237,Eyre Square - Newcastle,Oranmore,404,404,1,4023_65530,8460B5255401,8460B5225901,Westside Centre,Franciscan Friary,14
BR238,Eyre Square - Newcastle,Oranmore,404,404,1,4023_65530,8460B5255601,8470B556161,Gaelcarrig Park,Oranmore Centre,27
BR239,Eyre Square - Newcastle,Oranmore,404,404,1,4023_65530,8460B5255601,8460B5241801,Gaelcarrig Park,Castlegar GAA Club,27
BR240,Eyre Square - Newcastle,Oranmore,404,404,1,4023_65530,8460B5255601,8460B5227001,Gaelcarrig Park,Renmore Park,27
BR241,Eyre Square - Newcastle,Oranmore,404,404,1,4023_65530,8460B5255601,8460B5232101,Gaelcarrig Park,Forster Court,27
BR242,Eyre Square - Newcastle,Oranmore,404,404,1,4023_65530,8460B5255601,8460B5232301,Gaelcarrig Park,College Road,27
BR243,Eyre Square - Newcastle,Oranmore,404,404,1,4023_65530,8460B5255601,8460B5241401,Gaelcarrig Park,Galwegians RFC,27
BR244,Eyre Square - Newcastle,Oranmore,404,404,1,4023_65530,8460B5255601,8460B5241501,Gaelcarrig Park,Galway Crystal,27
BR245,Eyre Square - Newcastle,Oranmore,404,404,1,4023_65530,8460B5255601,8460B8884201,Gaelcarrig Park,Galway Clinic,27
BR246,Eyre Square - Newcastle,Oranmore,404,404,1,4023_65530,8460B5255601,8460B5225901,Gaelcarrig Park,Franciscan Friary,27
BR247,Eyre Square - Newcastle,Oranmore,404,404,1,4023_65530,8460B5255601,8460B5226101,Gaelcarrig Park,Eyre Square,14
BR248,Eyre Square - Newcastle,Oranmore,404,404,1,4023_65530,8460B5255701,8460B8884201,Laurel Park,Galway Clinic,27
BR249,Eyre Square - Newcastle,Oranmore,404,404,1,4023_65530,8460B5255701,8470B556161,Laurel Park,Oranmore Centre,27
BR250,Eyre Square - Newcastle,Oranmore,404,404,1,4023_65530,8460B5255701,8460B5241801,Laurel Park,Castlegar GAA Club,27
BR251,Eyre Square - Newcastle,Oranmore,404,404,1,4023_65530,8460B5255801,8470B556161,St Joseph's School,Oranmore Centre,27
BR252,Eyre Square - Newcastle,Oranmore,404,404,1,4023_65530,8460B5255801,8460B8884201,St Joseph's School,Galway Clinic,27
BR253,Eyre Square - Newcastle,Oranmore,404,404,1,4023_65530,8460B5255801,8460B5228101,St Joseph's School,ATU Galway City,27
BR254,Eyre Square - Newcastle,Oranmore,404,404,1,4023_65530,8460B5255901,8470B556161,Hazel Park,Oranmore Centre,27
BR255,Eyre Square - Newcastle,Oranmore,404,404,1,4023_65530,8460B5256001,8460B5241801,Tudor Lawns,Castlegar GAA Club,27
BR256,Eyre Square - Newcastle,Oranmore,404,404,1,4023_65530,8460B5256001,8460B8884201,Tudor Lawns,Galway Clinic,27
BR257,Rahoon - Eyre Square - Ballybane,Ballybane,405,405,0,4023_65531,84605257301,8460B522041,Seamus Quirke Road,Ballybane Ind Estate,28
BR258,Rahoon - Eyre Square - Ballybane,Ballybane,405,405,0,4023_65531,84605257301,8460B5235601,Seamus Quirke Road,Ballybane Centre,28
BR259,Rahoon - Eyre Square - Ballybane,Ballybane,405,405,0,4023_65531,84605257301,8460B5260501,Seamus Quirke Road,Bayview Heights,28
BR260,Rahoon - Eyre Square - Ballybane,Ballybane,405,405,0,4023_65531,8460B5256901,8460B522041,Gort na Bro,Ballybane Ind Estate,28
BR261,Rahoon - Eyre Square - Ballybane,Ballybane,405,405,0,4023_65531,8460B5256901,8460B5260401,Gort na Bro,Holf Family Church,28
BR262,Rahoon - Eyre Square - Ballybane,Ballybane,405,405,0,4023_65531,8460B5256901,8460B5213401,Gort na Bro,Ballybane Industrial Estate,28
BR263,Rahoon - Eyre Square - Ballybane,Ballybane,405,405,0,4023_65531,8460B5256901,8460B5260501,Gort na Bro,Bayview Heights,28
BR264,Rahoon - Eyre Square - Ballybane,Ballybane,405,405,0,4023_65531,8460B5256901,8460B5226801,Gort na Bro,Bohermore,28
BR265,Rahoon - Eyre Square - Ballybane,Ballybane,405,405,0,4023_65531,8460B5256901,8460B5235601,Gort na Bro,Ballybane Centre,28
BR266,Rahoon - Eyre Square - Ballybane,Ballybane,405,405,0,4023_65531,8460B5256901,8460B5257701,Gort na Bro,Glenanail Drive,28
BR267,Rahoon - Eyre Square - Ballybane,Ballybane,405,405,0,4023_65531,8460B5256901,8460B5235501,Gort na Bro,Árd Aoibhinn Drive,28
BR268,Rahoon - Eyre Square - Ballybane,Ballybane,405,405,0,4023_65531,8460B5256901,8460B5231801,Gort na Bro,Galway Cathedral,28
BR269,Rahoon - Eyre Square - Ballybane,Ballybane,405,405,0,4023_65531,8460B5256901,8460B5258001,Gort na Bro,Connolly Avenue,28
BR270,Rahoon - Eyre Square - Ballybane,Ballybane,405,405,0,4023_65531,8460B5256901,8460B5258101,Gort na Bro,Michael Collins Rd,28
BR271,Rahoon - Eyre Square - Ballybane,Ballybane,405,405,0,4023_65531,8460B5256901,8460B5226201,Gort na Bro,Prospect Hill,28
BR272,Rahoon - Eyre Square - Ballybane,Ballybane,405,405,0,4023_65531,8460B5256901,8460B5241201,Gort na Bro,Eyre Square,28
BR273,Rahoon - Eyre Square - Ballybane,Ballybane,405,405,0,4023_65531,8460B5256901,8460B5225601,Gort na Bro,Uni of Galway,28
BR274,Rahoon - Eyre Square - Ballybane,Ballybane,405,405,0,4023_65531,8460B5256901,8460B5257901,Gort na Bro,Riverside View,28
BR275,Rahoon - Eyre Square - Ballybane,Ballybane,405,405,0,4023_65531,8460B5256901,8460B5257801,Gort na Bro,Mervue Ind Est,28
BR276,Rahoon - Eyre Square - Ballybane,Ballybane,405,405,0,4023_65531,8460B5257001,8460B522041,Garrai de Brun,Ballybane Ind Estate,28
BR277,Rahoon - Eyre Square - Ballybane,Ballybane,405,405,0,4023_65531,8460B5257001,8460B5235501,Garrai de Brun,Árd Aoibhinn Drive,28
BR278,Rahoon - Eyre Square - Ballybane,Ballybane,405,405,0,4023_65531,8460B5257001,8460B5213401,Garrai de Brun,Ballybane Industrial Estate,28
BR279,Rahoon - Eyre Square - Ballybane,Ballybane,405,405,0,4023_65531,8460B5257001,8460B5235601,Garrai de Brun,Ballybane Centre,28
BR280,Rahoon - Eyre Square - Ballybane,Ballybane,405,405,0,4023_65531,8460B5257001,8460B5226201,Garrai de Brun,Prospect Hill,28
BR281,Rahoon - Eyre Square - Ballybane,Ballybane,405,405,0,4023_65531,8460B5257001,8460B5258101,Garrai de Brun,Michael Collins Rd,28
BR282,Rahoon - Eyre Square - Ballybane,Ballybane,405,405,0,4023_65531,8460B5257001,8460B5260501,Garrai de Brun,Bayview Heights,28
BR283,Rahoon - Eyre Square - Ballybane,Ballybane,405,405,0,4023_65531,8460B5257001,8460B5257801,Garrai de Brun,Mervue Ind Est,28
BR284,Rahoon - Eyre Square - Ballybane,Ballybane,405,405,0,4023_65531,8460B5257001,8460B5257101,Garrai de Brun,Deane Roundabout,28
BR285,Rahoon - Eyre Square - Ballybane,Ballybane,405,405,0,4023_65531,8460B5257101,8460B522041,Deane Roundabout,Ballybane Ind Estate,28
BR286,Rahoon - Eyre Square - Ballybane,Ballybane,405,405,0,4023_65531,8460B5257101,8460B5235601,Deane Roundabout,Ballybane Centre,28
BR287,Rahoon - Eyre Square - Ballybane,Ballybane,405,405,0,4023_65531,8460B5257101,8460B5213401,Deane Roundabout,Ballybane Industrial Estate,28
BR288,Rahoon - Eyre Square - Ballybane,Ballybane,405,405,0,4023_65531,8460B5257201,8460B522041,Rahoon Road Estate,Ballybane Ind Estate,28
BR289,Rahoon - Eyre Square - Ballybane,Ballybane,405,405,0,4023_65531,8460B5257201,8460B5213401,Rahoon Road Estate,Ballybane Industrial Estate,28
BR290,Rahoon - Eyre Square - Ballybane,Ballybane,405,405,0,4023_65531,8460B5257401,8460B5258001,Westside Centre,Connolly Avenue,28
BR291,Rahoon - Eyre Square - Ballybane,Ballybane,405,405,0,4023_65531,8460B5257401,8460B5241201,Westside Centre,Eyre Square,13
BR292,Rahoon - Eyre Square - Ballybane,Rahoon,405,405,1,4023_65531,8460B522041,8460B5259901,Ballybane Ind Estate,W Distributor Road,28
BR293,Rahoon - Eyre Square - Ballybane,Rahoon,405,405,1,4023_65531,8460B522041,8460B5256901,Ballybane Ind Estate,Gort na Bro,28
BR294,Rahoon - Eyre Square - Ballybane,Rahoon,405,405,1,4023_65531,8460B522041,8460B5259801,Ballybane Ind Estate,Deane Roundabout,28
BR295,Rahoon - Eyre Square - Ballybane,Rahoon,405,405,1,4023_65531,8460B522041,8460B5256501,Ballybane Ind Estate,Newcastle PO,28
BR296,Rahoon - Eyre Square - Ballybane,Rahoon,405,405,1,4023_65531,8460B522041,8460B5231901,Ballybane Ind Estate,St Bridget's Place,28
BR297,Rahoon - Eyre Square - Ballybane,Rahoon,405,405,1,4023_65531,8460B522041,8460B5259701,Ballybane Ind Estate,Gleann Dara,28
BR298,Rahoon - Eyre Square - Ballybane,Rahoon,405,405,1,4023_65531,8460B522041,8460B5259501,Ballybane Ind Estate,Westside Retail,28
BR299,Rahoon - Eyre Square - Ballybane,Rahoon,405,405,1,4023_65531,8460B522041,8460B5259401,Ballybane Ind Estate,Seamus Quirke Rd,28
BR300,Rahoon - Eyre Square - Ballybane,Rahoon,405,405,1,4023_65531,8460B522041,8460B5259301,Ballybane Ind Estate,Snipe Lawn,28
BR301,Rahoon - Eyre Square - Ballybane,Rahoon,405,405,1,4023_65531,8460B522041,8460B5230201,Ballybane Ind Estate,Francis Street,28
BR302,Rahoon - Eyre Square - Ballybane,Rahoon,405,405,1,4023_65531,8460B522041,8460B5230301,Ballybane Ind Estate,Uni of Galway,28
BR303,Rahoon - Eyre Square - Ballybane,Rahoon,405,405,1,4023_65531,8460B522041,8460B5229801,Ballybane Ind Estate,Cemetery,28
BR304,Rahoon - Eyre Square - Ballybane,Rahoon,405,405,1,4023_65531,8460B522041,8460B5259601,Ballybane Ind Estate,Westside Pitches,28
BR305,Rahoon - Eyre Square - Ballybane,Rahoon,405,405,1,4023_65531,8460B522041,8460B5258801,Ballybane Ind Estate,Michael Collins Rd,28
BR306,Rahoon - Eyre Square - Ballybane,Rahoon,405,405,1,4023_65531,8460B522041,8460B5229901,Ballybane Ind Estate,Cookes Terrace,28
BR307,Rahoon - Eyre Square - Ballybane,Rahoon,405,405,1,4023_65531,8460B522041,8460B5243701,Ballybane Ind Estate,Eyre Square,16
BR308,Rahoon - Eyre Square - Ballybane,Rahoon,405,405,1,4023_65531,8460B522041,8460B5233101,Ballybane Ind Estate,Ballybane Centre,16
BR309,Rahoon - Eyre Square - Ballybane,Rahoon,405,405,1,4023_65531,8460B522041,8460B5258901,Ballybane Ind Estate,Pearse Avenue,16
BR310,Rahoon - Eyre Square - Ballybane,Rahoon,405,405,1,4023_65531,8460B5233101,8460B5256901,Ballybane Centre,Gort na Bro,28
BR311,Rahoon - Eyre Square - Ballybane,Rahoon,405,405,1,4023_65531,8460B5233101,8460B5231901,Ballybane Centre,St Bridget's Place,28
BR312,Rahoon - Eyre Square - Ballybane,Rahoon,405,405,1,4023_65531,8460B5233101,8460B5259801,Ballybane Centre,Deane Roundabout,28
BR313,Rahoon - Eyre Square - Ballybane,Rahoon,405,405,1,4023_65531,8460B5233101,8460B5259901,Ballybane Centre,W Distributor Road,28
BR314,Rahoon - Eyre Square - Ballybane,Rahoon,405,405,1,4023_65531,8460B5233101,8460B5225701,Ballybane Centre,Galway Cathedral,28
BR315,Rahoon - Eyre Square - Ballybane,Rahoon,405,405,1,4023_65531,8460B5233101,8460B5230301,Ballybane Centre,Uni of Galway,28
BR316,Rahoon - Eyre Square - Ballybane,Rahoon,405,405,1,4023_65531,8460B5233101,8460B5259601,Ballybane Centre,Westside Pitches,28
BR317,Rahoon - Eyre Square - Ballybane,Rahoon,405,405,1,4023_65531,8460B5233101,8460B5259501,Ballybane Centre,Westside Retail,28
BR318,Rahoon - Eyre Square - Ballybane,Rahoon,405,405,1,4023_65531,8460B5233101,8460B5230201,Ballybane Centre,Francis Street,28
BR319,Rahoon - Eyre Square - Ballybane,Rahoon,405,405,1,4023_65531,8460B5233101,8460B5259701,Ballybane Centre,Gleann Dara,28
BR320,Rahoon - Eyre Square - Ballybane,Rahoon,405,405,1,4023_65531,8460B5233101,8460B5259401,Ballybane Centre,Seamus Quirke Rd,28
BR321,Rahoon - Eyre Square - Ballybane,Rahoon,405,405,1,4023_65531,8460B5233201,8460B5256501,Walter Macken Road,Newcastle PO,28
BR322,Rahoon - Eyre Square - Ballybane,Rahoon,405,405,1,4023_65531,8460B5233201,8460B5230301,Walter Macken Road,Uni of Galway,28
BR323,Rahoon - Eyre Square - Ballybane,Rahoon,405,405,1,4023_65531,8460B5233201,8460B5256901,Walter Macken Road,Gort na Bro,28
BR324,Rahoon - Eyre Square - Ballybane,Rahoon,405,405,1,4023_65531,8460B5233201,8460B5259701,Walter Macken Road,Gleann Dara,28
BR325,Rahoon - Eyre Square - Ballybane,Rahoon,405,405,1,4023_65531,8460B5233201,8460B5259501,Walter Macken Road,Westside Retail,28
BR326,Rahoon - Eyre Square - Ballybane,Rahoon,405,405,1,4023_65531,8460B5233201,8460B5231901,Walter Macken Road,St Bridget's Place,28
BR327,Rahoon - Eyre Square - Ballybane,Rahoon,405,405,1,4023_65531,8460B5258501,8460B5259501,St James Road,Westside Retail,28
BR328,Rahoon - Eyre Square - Ballybane,Rahoon,405,405,1,4023_65531,8460B5258501,8460B5259901,St James Road,W Distributor Road,28
BR329,Rahoon - Eyre Square - Ballybane,Rahoon,405,405,1,4023_65531,8460B5258501,8460B5259301,St James Road,Snipe Lawn,28
BR330,Rahoon - Eyre Square - Ballybane,Rahoon,405,405,1,4023_65531,8460B5258501,8460B5256901,St James Road,Gort na Bro,28
BR331,Rahoon - Eyre Square - Ballybane,Rahoon,405,405,1,4023_65531,8460B5258501,8460B5243701,St James Road,Eyre Square,28
BR332,Rahoon - Eyre Square - Ballybane,Rahoon,405,405,1,4023_65531,8460B5258601,8460B5256901,Mervue Health Clinic,Gort na Bro,28
BR333,Rahoon - Eyre Square - Ballybane,Rahoon,405,405,1,4023_65531,8460B5258601,8460B5259801,Mervue Health Clinic,Deane Roundabout,28
BR334,Rahoon - Eyre Square - Ballybane,Rahoon,405,405,1,4023_65531,8460B5258601,8460B5230201,Mervue Health Clinic,Francis Street,28
BR335,Rahoon - Eyre Square - Ballybane,Rahoon,405,405,1,4023_65531,8460B5258701,8460B5259901,Walter Macken Rd,W Distributor Road,28
BR336,Rahoon - Eyre Square - Ballybane,Rahoon,405,405,1,4023_65531,8460B5258701,8460B5259701,Walter Macken Rd,Gleann Dara,28
BR337,Rahoon - Eyre Square - Ballybane,Rahoon,405,405,1,4023_65531,8460B5258701,8460B5256901,Walter Macken Rd,Gort na Bro,28
BR338,Eyre Square - Bóthar an Chóiste,Bothar an Choiste,407,407,0,4023_65532,8460B5230101,8460B526031,Eyre Square,Maigh Riocaird,16
BR339,Eyre Square - Bóthar an Chóiste,Bothar an Choiste,407,407,0,4023_65532,8460B5230101,8460B5238501,Eyre Square,Cluain Riocard,16
BR340,Eyre Square - Bóthar an Chóiste,Bothar an Choiste,407,407,0,4023_65532,8460B5230101,8460B5238401,Eyre Square,Árd An Chóiste,16
BR341,Eyre Square - Bóthar an Chóiste,Bothar an Choiste,407,407,0,4023_65532,8460B5230101,8460B5237901,Eyre Square,St Francis NS,16
BR342,Eyre Square - Bóthar an Chóiste,Bothar an Choiste,407,407,0,4023_65532,8460B5230101,8460B5237601,Eyre Square,Crestwood,16
BR343,Eyre Square - Bóthar an Chóiste,Bothar an Choiste,407,407,0,4023_65532,8460B5230101,8460B5237801,Eyre Square,Tirellan Heights,16
BR344,Eyre Square - Bóthar an Chóiste,Bothar an Choiste,407,407,0,4023_65532,8460B5230101,8460B5237701,Eyre Square,Tirellan Heights,16
BR345,Eyre Square - Bóthar an Chóiste,Bothar an Choiste,407,407,0,4023_65532,8460B5230101,8460B5238101,Eyre Square,Ballinfoyle Mews,16
BR346,Eyre Square - Bóthar an Chóiste,Bothar an Choiste,407,407,0,4023_65532,8460B5230101,8460B5238001,Eyre Square,Headford Road Church,16
BR347,Eyre Square - Bóthar an Chóiste,Bothar an Choiste,407,407,0,4023_65532,8460B5230101,8460B5237201,Eyre Square,Galway Retail Park,16
BR348,Eyre Square - Bóthar an Chóiste,Bothar an Choiste,407,407,0,4023_65532,8460B5230101,8460B5238301,Eyre Square,Cairéal Mór,16
BR349,Eyre Square - Bóthar an Chóiste,Bothar an Choiste,407,407,0,4023_65532,8460B5230201,8460B5238501,Francis Street,Cluain Riocard,16
BR350,Eyre Square - Bóthar an Chóiste,Bothar an Choiste,407,407,0,4023_65532,8460B5230201,8460B5238401,Francis Street,Árd An Chóiste,16
BR351,Eyre Square - Bóthar an Chóiste,Bothar an Choiste,407,407,0,4023_65532,8460B5230201,8460B5238001,Francis Street,Headford Road Church,16
BR352,Eyre Square - Bóthar an Chóiste,Bothar an Choiste,407,407,0,4023_65532,8460B5230201,8460B5238301,Francis Street,Cairéal Mór,16
BR353,Eyre Square - Bóthar an Chóiste,Bothar an Choiste,407,407,0,4023_65532,8460B5230201,8460B526031,Francis Street,Maigh Riocaird,16
BR354,Eyre Square - Bóthar an Chóiste,Bothar an Choiste,407,407,0,4023_65532,8460B5230201,8460B5230101,Francis Street,Eyre Square,16
BR355,Eyre Square - Bóthar an Chóiste,Bothar an Choiste,407,407,0,4023_65532,8460B5230201,8460B5237701,Francis Street,Tirellan Heights,16
BR356,Eyre Square - Bóthar an Chóiste,Bothar an Choiste,407,407,0,4023_65532,8460B5230201,8460B5237101,Francis Street,Headford Road,16
BR357,Eyre Square - Bóthar an Chóiste,Bothar an Choiste,407,407,0,4023_65532,8460B5237101,8460B526031,Headford Road,Maigh Riocaird,16
BR358,Eyre Square - Bóthar an Chóiste,Bothar an Choiste,407,407,0,4023_65532,8460B5237101,8460B5238501,Headford Road,Cluain Riocard,16
BR359,Eyre Square - Bóthar an Chóiste,Bothar an Choiste,407,407,0,4023_65532,8460B5237101,8460B5238301,Headford Road,Cairéal Mór,16
BR360,Eyre Square - Bóthar an Chóiste,Bothar an Choiste,407,407,0,4023_65532,8460B5237101,8460B5238001,Headford Road,Headford Road Church,16
BR361,Eyre Square - Bóthar an Chóiste,Bothar an Choiste,407,407,0,4023_65532,8460B5237201,8460B526031,Galway Retail Park,Maigh Riocaird,16
BR362,Eyre Square - Bóthar an Chóiste,Bothar an Choiste,407,407,0,4023_65532,8460B5237301,8460B5237101,Terryland Retail Pk,Headford Road,16
BR363,Eyre Square - Bóthar an Chóiste,Bothar an Choiste,407,407,0,4023_65532,8460B5237301,8460B526031,Terryland Retail Pk,Maigh Riocaird,16
BR364,Eyre Square - Bóthar an Chóiste,Bothar an Choiste,407,407,0,4023_65532,8460B5237501,8460B5238301,Castlelawn Heights,Cairéal Mór,16
BR365,Eyre Square - Bóthar an Chóiste,Bothar an Choiste,407,407,0,4023_65532,8460B5237501,8460B5238501,Castlelawn Heights,Cluain Riocard,16
BR366,Eyre Square - Bóthar an Chóiste,Eyre Square,407,407,1,4023_65532,8460B5238601,8460B5241201,Maigh Riocard,Eyre Square,16
BR367,Eyre Square - Bóthar an Chóiste,Eyre Square,407,407,1,4023_65532,8460B5238601,8460B5225901,Maigh Riocard,Franciscan Friary,16
BR368,Eyre Square - Bóthar an Chóiste,Eyre Square,407,407,1,4023_65532,8460B5238601,8460B5240901,Maigh Riocard,Terryland Retail Pk,16
BR369,Eyre Square - Bóthar an Chóiste,Eyre Square,407,407,1,4023_65532,8460B5238601,8460B526061,Maigh Riocard,St Francis NS,16
BR370,Eyre Square - Bóthar an Chóiste,Eyre Square,407,407,1,4023_65532,8460B5238601,8460B526081,Maigh Riocard,Tirellan Heights,16
BR371,Eyre Square - Bóthar an Chóiste,Eyre Square,407,407,1,4023_65532,8460B5238601,8460B526091,Maigh Riocard,Crestwood,16
BR372,Eyre Square - Bóthar an Chóiste,Eyre Square,407,407,1,4023_65532,8460B5238601,8460B5241001,Maigh Riocard,Galway Centre,16
BR373,Eyre Square - Bóthar an Chóiste,Eyre Square,407,407,1,4023_65532,8460B5238601,8460B5254101,Maigh Riocard,Woodquay Court,16
BR374,Eyre Square - Bóthar an Chóiste,Eyre Square,407,407,1,4023_65532,8460B5238601,8460B526101,Maigh Riocard,Castlelawn Heights,16
BR375,Eyre Square - Bóthar an Chóiste,Eyre Square,407,407,1,4023_65532,8460B5238601,8460B5239201,Maigh Riocard,Headford Road,16
BR376,Eyre Square - Bóthar an Chóiste,Eyre Square,407,407,1,4023_65532,8460B5238601,8460B526071,Maigh Riocard,Tirellan Heights,16
BR377,Eyre Square - Bóthar an Chóiste,Eyre Square,407,407,1,4023_65532,8460B5238601,8460B5239101,Maigh Riocard,Cairéal Mór,16
BR378,Eyre Square - Bóthar an Chóiste,Eyre Square,407,407,1,4023_65532,8460B5238701,8460B5241201,Lochan,Eyre Square,16
BR379,Eyre Square - Bóthar an Chóiste,Eyre Square,407,407,1,4023_65532,8460B5238701,8460B5225901,Lochan,Franciscan Friary,16
BR380,Eyre Square - Bóthar an Chóiste,Eyre Square,407,407,1,4023_65532,8460B5238701,8460B526101,Lochan,Castlelawn Heights,16
BR381,Eyre Square - Bóthar an Chóiste,Eyre Square,407,407,1,4023_65532,8460B5238701,8460B526071,Lochan,Tirellan Heights,16
BR382,Eyre Square - Bóthar an Chóiste,Eyre Square,407,407,1,4023_65532,8460B5238701,8460B526081,Lochan,Tirellan Heights,16
BR383,Eyre Square - Bóthar an Chóiste,Eyre Square,407,407,1,4023_65532,8460B5238701,8460B5240901,Lochan,Terryland Retail Pk,16
BR384,Eyre Square - Bóthar an Chóiste,Eyre Square,407,407,1,4023_65532,8460B5238801,8460B5241201,Árd An Chóiste,Eyre Square,16
BR385,Eyre Square - Bóthar an Chóiste,Eyre Square,407,407,1,4023_65532,8460B5238801,8460B5225901,Árd An Chóiste,Franciscan Friary,16
BR386,Eyre Square - Bóthar an Chóiste,Eyre Square,407,407,1,4023_65532,8460B5238801,8460B5254101,Árd An Chóiste,Woodquay Court,16
BR387,Eyre Square - Bóthar an Chóiste,Eyre Square,407,407,1,4023_65532,8460B5239101,8460B5241201,Cairéal Mór,Eyre Square,16
BR388,Eyre Square - Bóthar an Chóiste,Eyre Square,407,407,1,4023_65532,8460B5239101,8460B5240701,Cairéal Mór,Headford Road Church,16
BR389,Eyre Square - Bóthar an Chóiste,Eyre Square,407,407,1,4023_65532,8460B5239101,8460B5225901,Cairéal Mór,Franciscan Friary,16
BR390,Eyre Square - Bóthar an Chóiste,Eyre Square,407,407,1,4023_65532,8460B5239201,8460B5241201,Headford Road,Eyre Square,16
BR391,Eyre Square - Bóthar an Chóiste,Eyre Square,407,407,1,4023_65532,8460B5240701,8460B5254101,Headford Road Church,Woodquay Court,16
BR392,Eyre Square - Bóthar an Chóiste,Eyre Square,407,407,1,4023_65532,8460B5240701,8460B5241201,Headford Road Church,Eyre Square,16
BR393,Eyre Square - Bóthar an Chóiste,Eyre Square,407,407,1,4023_65532,8460B5240701,8460B5239201,Headford Road Church,Headford Road,16
BR394,Eyre Square - Parkmore Ind. Est.,Parkmore Ind.,409,409,0,4023_65533,8460B5226901,8460B5234301,The G Hotel,Ballybrit Crescent,21
BR395,Eyre Square - Parkmore Ind. Est.,Parkmore Ind.,409,409,0,4023_65533,8460B5226901,8460B555431,The G Hotel,Parkmore Road,21
BR396,Eyre Square - Parkmore Ind. Est.,Parkmore Ind.,409,409,0,4023_65533,8460B5226901,8460B5234201,The G Hotel,Ballybrit Crescent,21
BR397,Eyre Square - Parkmore Ind. Est.,Parkmore Ind.,409,409,0,4023_65533,8460B5226901,8460B5242301,The G Hotel,An Sean Bhaile,21
BR398,Eyre Square - Parkmore Ind. Est.,Parkmore Ind.,409,409,0,4023_65533,8460B5226901,8460B5241901,The G Hotel,An Fiodan,21
BR399,Eyre Square - Parkmore Ind. Est.,Parkmore Ind.,409,409,0,4023_65533,8460B5232101,8460B5242301,Forster Court,An Sean Bhaile,21
BR400,Eyre Square - Parkmore Ind. Est.,Parkmore Ind.,409,409,0,4023_65533,8460B5232101,8460B555431,Forster Court,Parkmore Road,21
BR401,Eyre Square - Parkmore Ind. Est.,Parkmore Ind.,409,409,0,4023_65533,8460B5232101,8460B5242401,Forster Court,Briarhill Centre,21
BR402,Eyre Square - Parkmore Ind. Est.,Parkmore Ind.,409,409,0,4023_65533,8460B5232101,8460B5234201,Forster Court,Ballybrit Crescent,21
BR403,Eyre Square - Parkmore Ind. Est.,Parkmore Ind.,409,409,0,4023_65533,8460B5232101,8460B5242101,Forster Court,Túr Uisce,21
BR404,Eyre Square - Parkmore Ind. Est.,Parkmore Ind.,409,409,0,4023_65533,8460B5232101,8460B5234301,Forster Court,Ballybrit Crescent,21
BR405,Eyre Square - Parkmore Ind. Est.,Parkmore Ind.,409,409,0,4023_65533,8460B5232101,8460B5241901,Forster Court,An Fiodan,21
BR406,Eyre Square - Parkmore Ind. Est.,Parkmore Ind.,409,409,0,4023_65533,8460B5232101,8460B5242201,Forster Court,Doughiska Road Industrial Estate,21
BR407,Eyre Square - Parkmore Ind. Est.,Parkmore Ind.,409,409,0,4023_65533,8460B5232101,8460B5241801,Forster Court,Castlegar GAA Club,21
BR408,Eyre Square - Parkmore Ind. Est.,Parkmore Ind.,409,409,0,4023_65533,8460B5232101,8460B5228101,Forster Court,ATU Galway City,21
BR409,Eyre Square - Parkmore Ind. Est.,Parkmore Ind.,409,409,0,4023_65533,8460B5232301,8460B5234301,College Road,Ballybrit Crescent,21
BR410,Eyre Square - Parkmore Ind. Est.,Parkmore Ind.,409,409,0,4023_65533,8460B5232301,8460B555431,College Road,Parkmore Road,21
BR411,Eyre Square - Parkmore Ind. Est.,Parkmore Ind.,409,409,0,4023_65533,8460B5232301,8460B5242101,College Road,Túr Uisce,21
BR412,Eyre Square - Parkmore Ind. Est.,Parkmore Ind.,409,409,0,4023_65533,8460B5232301,8460B5242401,College Road,Briarhill Centre,21
BR413,Eyre Square - Parkmore Ind. Est.,Parkmore Ind.,409,409,0,4023_65533,8460B5232301,8460B5234201,College Road,Ballybrit Crescent,21
BR414,Eyre Square - Parkmore Ind. Est.,Parkmore Ind.,409,409,0,4023_65533,8460B5232301,8460B5242201,College Road,Doughiska Road Industrial Estate,21
BR415,Eyre Square - Parkmore Ind. Est.,Parkmore Ind.,409,409,0,4023_65533,8460B5232301,8460B525641,College Road,Eyre Square,21
BR416,Eyre Square - Parkmore Ind. Est.,Parkmore Ind.,409,409,0,4023_65533,8460B5232401,8460B555431,Connacht Rugby,Parkmore Road,21
BR417,Eyre Square - Parkmore Ind. Est.,Parkmore Ind.,409,409,0,4023_65533,8460B5232401,8460B5241901,Connacht Rugby,An Fiodan,21
BR418,Eyre Square - Parkmore Ind. Est.,Parkmore Ind.,409,409,0,4023_65533,8460B5232501,8460B5242101,Loyola Park,Túr Uisce,21
BR419,Eyre Square - Parkmore Ind. Est.,Parkmore Ind.,409,409,0,4023_65533,8460B5232501,8460B5234301,Loyola Park,Ballybrit Crescent,21
BR420,Eyre Square - Parkmore Ind. Est.,Parkmore Ind.,409,409,0,4023_65533,8460B5232501,8460B5242201,Loyola Park,Doughiska Road Industrial Estate,21
BR421,Eyre Square - Parkmore Ind. Est.,Parkmore Ind.,409,409,0,4023_65533,8460B5232501,8460B555431,Loyola Park,Parkmore Road,21
BR422,Eyre Square - Parkmore Ind. Est.,Parkmore Ind.,409,409,0,4023_65533,8460B525641,8460B5227001,Eyre Square,Renmore Park,21
BR423,Eyre Square - Parkmore Ind. Est.,Parkmore Ind.,409,409,0,4023_65533,8460B525641,8460B5241501,Eyre Square,Galway Crystal,21
BR424,Eyre Square - Parkmore Ind. Est.,Parkmore Ind.,409,409,0,4023_65533,8460B525641,8460B5232101,Eyre Square,Forster Court,21
BR425,Eyre Square - Parkmore Ind. Est.,Parkmore Ind.,409,409,0,4023_65533,8460B525641,8460B5232301,Eyre Square,College Road,21
BR426,Eyre Square - Parkmore Ind. Est.,Parkmore Ind.,409,409,0,4023_65533,8460B525641,8460B5242401,Eyre Square,Briarhill Centre,21
BR427,Eyre Square - Parkmore Ind. Est.,Parkmore Ind.,409,409,0,4023_65533,8460B525641,8460B555431,Eyre Square,Parkmore Road,21
BR428,Eyre Square - Parkmore Ind. Est.,Parkmore Ind.,409,409,0,4023_65533,8460B525641,8460B5241401,Eyre Square,Galwegians RFC,21
BR429,Eyre Square - Parkmore Ind. Est.,Parkmore Ind.,409,409,0,4023_65533,8460B525641,8460B5242201,Eyre Square,Doughiska Road Industrial Estate,21
BR430,Eyre Square - Parkmore Ind. Est.,Parkmore Ind.,409,409,0,4023_65533,8460B525641,8460B5232401,Eyre Square,Connacht Rugby,21
BR431,Eyre Square - Parkmore Ind. Est.,Parkmore Ind.,409,409,0,4023_65533,8460B525641,8460B5234301,Eyre Square,Ballybrit Crescent,21
BR432,Eyre Square - Parkmore Ind. Est.,Parkmore Ind.,409,409,0,4023_65533,8460B525641,8460B5241801,Eyre Square,Castlegar GAA Club,21
BR433,Eyre Square - Parkmore Ind. Est.,Parkmore Ind.,409,409,0,4023_65533,8460B525641,8460B5234201,Eyre Square,Ballybrit Crescent,21
BR434,Eyre Square - Parkmore Ind. Est.,Parkmore Ind.,409,409,0,4023_65533,8460B525641,8460B5228101,Eyre Square,ATU Galway City,21
BR435,Eyre Square - Parkmore Ind. Est.,Parkmore Ind.,409,409,0,4023_65533,8460B525641,8460B5242301,Eyre Square,An Sean Bhaile,21
BR436,Eyre Square - Parkmore Ind. Est.,Parkmore Ind.,409,409,0,4023_65533,8460B525641,8460B5242001,Eyre Square,Sraith Fhada,21
BR437,Eyre Square - Parkmore Ind. Est.,Parkmore Ind.,409,409,0,4023_65533,8460B525641,8460B5241901,Eyre Square,An Fiodan,21
BR438,Eyre Square - Parkmore Ind. Est.,Parkmore Ind.,409,409,0,4023_65533,8460B525641,8460B5232501,Eyre Square,Loyola Park,21
BR439,Eyre Square - Parkmore Ind. Est.,Parkmore Ind.,409,409,0,4023_65533,8460B525641,8460B5242101,Eyre Square,Túr Uisce,21
BR440,Eyre Square - Parkmore Ind. Est.,Parkmore Ind.,409,409,0,4023_65533,8460B525641,8460B5226901,Eyre Square,The G Hotel,21
BR441,Eyre Square - Parkmore Ind. Est.,Eyre Square,409,409,1,4023_65533,8460B5234401,8460B525641,Ballybrit RC,Eyre Square,21
BR442,Eyre Square - Parkmore Ind. Est.,Eyre Square,409,409,1,4023_65533,8460B5234401,8460B5243401,Ballybrit RC,Dawn Dairies,21
BR443,Eyre Square - Parkmore Ind. Est.,Eyre Square,409,409,1,4023_65533,8460B5234401,8460B5243601,Ballybrit RC,Forster Street,21
BR444,Eyre Square - Parkmore Ind. Est.,Eyre Square,409,409,1,4023_65533,8460B5234401,8460B5236701,Ballybrit RC,Loyola Park,21
BR445,Eyre Square - Parkmore Ind. Est.,Eyre Square,409,409,1,4023_65533,8460B5234401,8460B5229701,Ballybrit RC,The G Hotel,21
BR446,Eyre Square - Parkmore Ind. Est.,Eyre Square,409,409,1,4023_65533,8460B5234401,8460B5236901,Ballybrit RC,Yeats College,21
BR447,Eyre Square - Parkmore Ind. Est.,Eyre Square,409,409,1,4023_65533,8460B5234401,8460B5229601,Ballybrit RC,Brothers of Charity,21
BR448,Eyre Square - Parkmore Ind. Est.,Eyre Square,409,409,1,4023_65533,8460B5234401,8460B5236801,Ballybrit RC,Connacht Rugby,21
BR449,Eyre Square - Parkmore Ind. Est.,Eyre Square,409,409,1,4023_65533,8460B5234401,8460B6355601,Ballybrit RC,Galway Tech Park,21
BR450,Eyre Square - Parkmore Ind. Est.,Eyre Square,409,409,1,4023_65533,8460B5234401,8460B5228401,Ballybrit RC,ATU Galway City,21
BR451,Eyre Square - Parkmore Ind. Est.,Eyre Square,409,409,1,4023_65533,8460B5234401,8460B5243501,Ballybrit RC,Glenina Heights,21
BR452,Eyre Square - Parkmore Ind. Est.,Eyre Square,409,409,1,4023_65533,8460B5234401,8460B5228301,Ballybrit RC,Woodhaven,21
BR453,Eyre Square - Parkmore Ind. Est.,Eyre Square,409,409,1,4023_65533,8460B5234501,8460B5236901,Briarhill Park,Yeats College,21
BR454,Eyre Square - Parkmore Ind. Est.,Eyre Square,409,409,1,4023_65533,8460B5234501,8460B525641,Briarhill Park,Eyre Square,21
BR455,Eyre Square - Parkmore Ind. Est.,Eyre Square,409,409,1,4023_65533,8460B5234501,8460B5243601,Briarhill Park,Forster Street,21
BR456,Eyre Square - Parkmore Ind. Est.,Eyre Square,409,409,1,4023_65533,8460B5234501,8460B5228301,Briarhill Park,Woodhaven,21
BR457,Eyre Square - Parkmore Ind. Est.,Eyre Square,409,409,1,4023_65533,8460B5234501,8460B5229601,Briarhill Park,Brothers of Charity,21
BR458,Eyre Square - Parkmore Ind. Est.,Eyre Square,409,409,1,4023_65533,8460B5234501,8460B5229701,Briarhill Park,The G Hotel,21
BR459,Eyre Square - Parkmore Ind. Est.,Eyre Square,409,409,1,4023_65533,8460B5234501,8460B5243401,Briarhill Park,Dawn Dairies,21
BR460,Eyre Square - Parkmore Ind. Est.,Eyre Square,409,409,1,4023_65533,8460B5242601,8460B5234401,Doughiska Road,Ballybrit RC,21
BR461,Eyre Square - Parkmore Ind. Est.,Eyre Square,409,409,1,4023_65533,8460B5242601,8460B5236901,Doughiska Road,Yeats College,21
BR462,Eyre Square - Parkmore Ind. Est.,Eyre Square,409,409,1,4023_65533,8460B5242601,8460B5243201,Doughiska Road,Castlegar GAA Club,21
BR463,Eyre Square - Parkmore Ind. Est.,Eyre Square,409,409,1,4023_65533,8460B5242601,8460B5243601,Doughiska Road,Forster Street,21
BR464,Eyre Square - Parkmore Ind. Est.,Eyre Square,409,409,1,4023_65533,8460B5242601,8460B525641,Doughiska Road,Eyre Square,21
BR465,Eyre Square - Parkmore Ind. Est.,Eyre Square,409,409,1,4023_65533,8460B5242601,8460B5243101,Doughiska Road,Doughiska Road,21
BR466,Eyre Square - Parkmore Ind. Est.,Eyre Square,409,409,1,4023_65533,8460B5242601,8460B5229701,Doughiska Road,The G Hotel,21
BR467,Eyre Square - Parkmore Ind. Est.,Eyre Square,409,409,1,4023_65533,8460B5242701,8460B525641,Merlin Pk Ind Est,Eyre Square,21
BR468,Eyre Square - Parkmore Ind. Est.,Eyre Square,409,409,1,4023_65533,8460B5242701,8460B5243601,Merlin Pk Ind Est,Forster Street,21
BR469,Eyre Square - Parkmore Ind. Est.,Eyre Square,409,409,1,4023_65533,8460B5242801,8460B5236801,Merlin Woods NS,Connacht Rugby,21
BR470,Eyre Square - Parkmore Ind. Est.,Eyre Square,409,409,1,4023_65533,8460B5242801,8460B525641,Merlin Woods NS,Eyre Square,21
BR471,Eyre Square - Parkmore Ind. Est.,Eyre Square,409,409,1,4023_65533,8460B5242801,8460B5236901,Merlin Woods NS,Yeats College,21
BR472,Eyre Square - Parkmore Ind. Est.,Eyre Square,409,409,1,4023_65533,8460B6355601,8460B525641,Galway Tech Park,Eyre Square,21
BR473,Eyre Square - Parkmore Ind. Est.,Eyre Square,409,409,1,4023_65533,8460B6355601,8460B5228401,Galway Tech Park,ATU Galway City,21
BR474,Eyre Square - Parkmore Ind. Est.,Eyre Square,409,409,1,4023_65533,8460B6355601,8460B5242801,Galway Tech Park,Merlin Woods NS,21
BR475,Eyre Square - Parkmore Ind. Est.,Eyre Square,409,409,1,4023_65533,8460B6355601,8460B5243601,Galway Tech Park,Forster Street,21
BR476,Eyre Square - Parkmore Ind. Est.,Eyre Square,409,409,1,4023_65533,8460B6355601,8460B5236901,Galway Tech Park,Yeats College,21
BR477,Eyre Square - Parkmore Ind. Est.,Eyre Square,409,409,1,4023_65533,8460B6355601,8460B5236801,Galway Tech Park,Connacht Rugby,21
BR478,Eyre Square - Parkmore Ind. Est.,Eyre Square,409,409,1,4023_65533,8460B6355601,8460B5236701,Galway Tech Park,Loyola Park,21
BR479,Eyre Square - Parkmore Ind. Est.,Eyre Square,409,409,1,4023_65533,8460B6355601,8460B5242701,Galway Tech Park,Merlin Pk Ind Est,21
BR480,Eyre Square - Parkmore Ind. Est.,Eyre Square,409,409,1,4023_65533,8460B6355601,8460B5243501,Galway Tech Park,Glenina Heights,21
BR481,Eyre Square - Parkmore Ind. Est.,Eyre Square,409,409,1,4023_65533,8460B6355601,8460B5229601,Galway Tech Park,Brothers of Charity,21
BR482,Eyre Square - Parkmore Ind. Est.,Eyre Square,409,409,1,4023_65533,8460B6355601,8460B5243401,Galway Tech Park,Dawn Dairies,21
BR483,Eyre Square - Parkmore Ind. Est.,Eyre Square,409,409,1,4023_65533,8460B6355601,8460B5229701,Galway Tech Park,The G Hotel,21
BR484,Eyre Square - Parkmore Ind. Est.,Eyre Square,409,409,1,4023_65533,8460B6355601,8460B5228301,Galway Tech Park,Woodhaven,21
BR485,Eyre Square - Parkmore Ind. Est.,Eyre Square,409,409,1,4023_65533,8460B6355601,8460B5243301,Galway Tech Park,Lios An Uisce,21
BR486,Eyre Square - Parkmore Ind. Est.,Eyre Square,409,409,1,4023_65533,8460B6355601,8460B5242901,Galway Tech Park,An Fiodan,21
BR487,Eyre Square - Parkmore Ind. Est.,Eyre Square,409,409,1,4023_65533,8460B6355601,8460B5243101,Galway Tech Park,Doughiska Road,21